etaBins,1,2,3,4,5,6,7,8,9,10,11,12,13,14,15,17,20,23,27,30,35,40,45,57,72,90,120,150,200,300,400,550,750,1000,1500,2000,2500,3000,3500,4000,4500,5000,10000
-4.889,0.9999999987838994,0.9999999987838994,1.919447111103787,0.8474335947597241,0.8196801163232874,0.7212272501554686,0.7268992559314179,0.6431123067409257,0.6664407018501697,0.584960785434961,0.6126281426777708,0.6038379502550443,0.6212365165932491,0.5864359453144181,0.5808166075924092,0.5750925072221005,0.5725755663599152,0.5633478281793572,0.5664958437616258,0.5589724036657842,0.5532917406700932,0.5632799451501701,0.5731580745506608,0.5884134730893171,0.6152743613887912,0.0,0.9999999987838994,0.9999999987838994,0.9999999987838994,0.9999999987838994,0.9999999987838994,0.9999999987838994,0.9999999987838994,0.9999999987838994,0.9999999987838994,0.9999999987838994,0.9999999987838994,0.9999999987838994,0.9999999987838994,0.9999999987838994,0.9999999987838994,0.9999999987838994,0.0
-4.716,0.9999999987838994,0.9999999987838994,0.7880188010339544,0.9683630943565104,0.8962006622450894,0.8872325030331731,0.7701470197599146,0.7795710417660368,0.7739384443277522,0.7542165696822408,0.755884389728463,0.7401807043931277,0.7372003404807402,0.7338706425295819,0.7267978280458987,0.728490160380079,0.7386575093925558,0.7351426377115555,0.7393649998447455,0.7409752553501293,0.7496320816424502,0.7599756654167279,0.7691810394204067,0.7888482586251128,0.8104174930480716,0.8455423024783906,0.7500000003482652,0.9999999987838994,0.9999999987838994,0.9999999987838994,0.9999999987838994,0.9999999987838994,0.9999999987838994,0.9999999987838994,0.9999999987838994,0.9999999987838994,0.9999999987838994,0.9999999987838994,0.9999999987838994,0.9999999987838994,0.9999999987838994,0.9999999987838994,0.0
-4.538,0.9999999987838994,0.9999999987838994,0.7751560873853514,0.9858564123676724,0.9063694601751876,0.8641584806941802,0.8364025268657111,0.8444155934649941,0.8221836477955778,0.7850978957904625,0.8064665492481567,0.8098762734882087,0.8120388560810577,0.8017964325998698,0.7945182975888916,0.7982152331556742,0.8002003396641231,0.8076323860051327,0.815892551996287,0.8158414661844828,0.8259607158300074,0.8301765080674961,0.8471756024508178,0.8594234885572741,0.8782788378120636,0.9149262309450866,0.9785472622886052,0.9999999987838994,0.9999999987838994,0.9999999987838994,0.9999999987838994,0.9999999987838994,0.9999999987838994,0.9999999987838994,0.9999999987838994,0.9999999987838994,0.9999999987838994,0.9999999987838994,0.9999999987838994,0.9999999987838994,0.9999999987838994,0.9999999987838994,0.0
-4.363,0.9999999987838994,0.9999999987838994,1.0483259526618107,1.0704289991879083,0.9362560955047377,0.9557060699603804,0.8988551994071059,0.8885206211178542,0.8506441323206765,0.8330979108714491,0.8277122197433225,0.844516547544232,0.8326929039926211,0.8257045379279847,0.8355855729863757,0.8286821192664715,0.8306069181672038,0.8377683588559156,0.8487519472834459,0.8529443238748695,0.861699903968284,0.8737801978733498,0.8877102727282199,0.902275915128331,0.9155873435698568,0.940856647551211,0.9534319838257274,0.9385500644867039,0.9999999987838994,0.9999999987838994,0.9999999987838994,0.9999999987838994,0.9999999987838994,0.9999999987838994,0.9999999987838994,0.9999999987838994,0.9999999987838994,0.9999999987838994,0.9999999987838994,0.9999999987838994,0.9999999987838994,0.9999999987838994,0.0
-4.191,0.9999999987838994,0.9999999987838994,1.5500000000064642,0.9346847383197457,0.9747714519384524,0.9156654650824353,0.8598420271983144,0.8684919435839757,0.8743552629054672,0.863439403832361,0.8556534006231851,0.8432768493559178,0.8431249895418058,0.8403384897016534,0.846018701641186,0.8417819204243302,0.8427402627758613,0.8505952694619581,0.8579543146383819,0.8708388514747405,0.8772703491350639,0.8863964957080024,0.897393854168039,0.91410821816109,0.9285049587254872,0.9501843586145445,0.9717547011699788,0.9799143534625301,0.9999999987838994,0.9999999987838994,0.9999999987838994,0.9999999987838994,0.9999999987838994,0.9999999987838994,0.9999999987838994,0.9999999987838994,0.9999999987838994,0.9999999987838994,0.9999999987838994,0.9999999987838994,0.9999999987838994,0.9999999987838994,0.0
-4.013,0.9999999987838994,0.9999999987838994,0.8059889110700426,0.9775090976861585,0.9265300054871614,0.8741508848001761,0.8822934617658231,0.8944098842952322,0.865981550807234,0.8715776340300484,0.8551935273928689,0.8420983867148416,0.8606494349954193,0.8429092885783188,0.8436164814428966,0.8458045939706993,0.8533567156303471,0.8558658180368387,0.867053519455227,0.8754024263643905,0.8890528179856952,0.8951781485956871,0.9055220130138372,0.9222070889977546,0.9360254449956077,0.9554888529465063,0.9760901996743377,1.0014130274486694,1.0390383475620228,0.9999999987838994,0.9999999987838994,0.9999999987838994,0.9999999987838994,0.9999999987838994,0.9999999987838994,0.9999999987838994,0.9999999987838994,0.9999999987838994,0.9999999987838994,0.9999999987838994,0.9999999987838994,0.9999999987838994,0.0
-3.839,0.9999999987838994,0.9999999987838994,1.102742136236605,0.9470439367875876,0.8841857675180653,0.9211946318614569,0.8904737127918132,0.8672665546782032,0.8635592405699021,0.8740272863270521,0.8492978135883323,0.8529006602475232,0.8437975654177591,0.8330246947107889,0.8430525523423174,0.8439285605457856,0.8448599574032799,0.858589423474648,0.864903550100631,0.8757896199538898,0.8831258645238009,0.8993549611386905,0.9127955491602817,0.9282322766162288,0.9451833339742182,0.9676211990869964,0.9853492719076131,1.0050165984957913,1.0302563561631584,0.9999999987838994,0.9999999987838994,0.9999999987838994,0.9999999987838994,0.9999999987838994,0.9999999987838994,0.9999999987838994,0.9999999987838994,0.9999999987838994,0.9999999987838994,0.9999999987838994,0.9999999987838994,0.9999999987838994,0.0
-3.664,0.9999999987838994,0.9999999987838994,0.8381689110181563,0.7691681198437577,0.9188786096407149,0.9405446436661479,0.835934690313001,0.8567778422431132,0.8180876004697789,0.8258042662628333,0.8333453037222683,0.8270393910466864,0.8075053682298325,0.8063331100767575,0.8128419936574216,0.8061124743611432,0.8121002325656214,0.8233343575915233,0.8328951679936859,0.836410810926161,0.8510266610240004,0.8568443904341664,0.8712021421574265,0.891520819612432,0.9058963249196035,0.929572509665498,0.9539393471570348,0.9686536302069257,0.9980025735383125,1.046070970849144,0.9999999987838994,0.9999999987838994,0.9999999987838994,0.9999999987838994,0.9999999987838994,0.9999999987838994,0.9999999987838994,0.9999999987838994,0.9999999987838994,0.9999999987838994,0.9999999987838994,0.9999999987838994,0.0
-3.489,0.9999999987838994,0.9999999987838994,1.1312445903091999,0.9044267784209372,0.7738152941407341,0.7877282818360425,0.786172642432452,0.792525075438728,0.8078656387731075,0.7986056600542567,0.8002600600076252,0.7837028872594805,0.7753490752570735,0.7827590289636113,0.7866670837492202,0.788425331989599,0.7918485917227529,0.7960977679588351,0.808452532581536,0.8110887299847617,0.8262655565606848,0.8365090881418525,0.851883992075056,0.8736312729686648,0.8927724835080662,0.9183095769230065,0.937132133456159,0.961744972528968,0.9902939304893206,1.0173844772998815,0.0,0.9999999987838994,0.9999999987838994,0.9999999987838994,0.9999999987838994,0.9999999987838994,0.9999999987838994,0.9999999987838994,0.9999999987838994,0.9999999987838994,0.9999999987838994,0.9999999987838994,0.0
-3.314,0.9999999987838994,0.9999999987838994,0.4570061148105445,0.6740113242572203,0.8085006261732695,0.7082870629116569,0.7219522982112013,0.7177666109517139,0.7118591464513905,0.7857642785337152,0.7375841251440804,0.7533225787602643,0.7371823612229242,0.7594451702430176,0.7549587322427364,0.7568537437866601,0.7621114948312275,0.772949143632645,0.7904547344027987,0.7960495754166441,0.8108200085090869,0.8268581924609874,0.8514891234107727,0.8744372697231502,0.9032507993582168,0.9307522759011083,0.9577761140931481,0.9825101570769756,1.0131729738518176,1.0330234954494737,1.0446716943716392,0.9999999987838994,0.9999999987838994,0.9999999987838994,0.9999999987838994,0.9999999987838994,0.9999999987838994,0.9999999987838994,0.9999999987838994,0.9999999987838994,0.9999999987838994,0.9999999987838994,0.0
-3.139,0.9999999987838994,0.9999999987838994,0.624999922319378,-0.029473287751012333,0.6347794301192434,0.264761048312488,0.4473496663754275,0.5178297006449544,0.5105000328458477,0.5636719329040374,0.5682660456681244,0.5912329019485688,0.6163916929566761,0.584808929387136,0.6092825970688219,0.613920956287805,0.6167229578275443,0.6243687046534059,0.6333040453031639,0.6403166615195016,0.6524044696290159,0.6602658202281853,0.6800264320944717,0.7006988408126643,0.7253759626715609,0.74947588499591,0.7777556653320074,0.7989601790972043,0.8222117769368771,0.8563217844125062,0.8585337084057102,0.7470487463304765,0.9999999987838994,0.9999999987838994,0.9999999987838994,0.9999999987838994,0.9999999987838994,0.9999999987838994,0.9999999987838994,0.9999999987838994,0.9999999987838994,0.9999999987838994,0.0
-2.964,0.9999999987838994,0.9999999987838994,1.008000235637662,-5.329076000778324,0.21016179073479088,0.45462388668675496,0.1920596662282925,0.35467926774838804,0.4283342786148032,0.49276356749922096,0.5007324642761415,0.5091729054539045,0.5182452997785065,0.5221739821988917,0.5354200102592611,0.5568992278327054,0.5567486645038651,0.5725146161505172,0.5913809984750809,0.6011398365786276,0.6195070529630957,0.6313257498296976,0.6534566200753206,0.6812635492139266,0.7107030501915503,0.7370728047950384,0.7613594395536892,0.7899425880544766,0.8215079710610514,0.8552180007746931,0.8845676875321509,0.9148536849948218,0.9999999987838994,0.9999999987838994,0.9999999987838994,0.9999999987838994,0.9999999987838994,0.9999999987838994,0.9999999987838994,0.9999999987838994,0.9999999987838994,0.9999999987838994,0.0
-2.853,0.9999999987838994,0.9999999987838994,0.7606763021205659,0.7675745963855608,0.5607258881777789,0.5670723571513424,0.5666707918588504,0.5512937920470316,0.5558311988542914,0.5385129355072479,0.5851870429561344,0.579317057386189,0.5883113649895801,0.599884913821282,0.6020037949566547,0.6095907784117638,0.6252695238589464,0.6361236931414704,0.6553104379439898,0.6688197975538939,0.6841048627557492,0.6989158297892271,0.720016300069627,0.7457202848882871,0.7727012071723702,0.799672616345866,0.8267143869409583,0.8510519530686333,0.8818457606014807,0.9108689936931019,0.9322598779341333,0.9467459501076178,0.9479882299117943,0.9999999987838994,0.9999999987838994,0.9999999987838994,0.9999999987838994,0.9999999987838994,0.9999999987838994,0.9999999987838994,0.9999999987838994,0.9999999987838994,0.0
-2.65,0.9999999987838994,0.9999999987838994,0.7933526564081089,0.7223036759929263,0.6666405232933622,0.6640069833655812,0.6631257782581319,0.669557620447185,0.6428336005498434,0.6683688429903425,0.6487707767199671,0.6559536176004012,0.6761596350944749,0.6649693497238881,0.6725792913829369,0.676836608139494,0.6879131868782354,0.6997468097455587,0.710051529263068,0.7231736819030024,0.7355753484133128,0.7483190450962225,0.7636044266055676,0.7827065154806588,0.8010644735080993,0.8195627678226945,0.838699529696525,0.8585961153149959,0.8831142470078786,0.9069121731504393,0.926673153037892,0.9399349673217366,0.9543262652234346,0.9999999987838994,0.9999999987838994,0.9999999987838994,0.9999999987838994,0.9999999987838994,0.9999999987838994,0.9999999987838994,0.9999999987838994,0.9999999987838994,0.0
-2.5,0.9999999987838994,0.9999999987838994,-0.3351277888136169,0.5781521909258168,0.6047154338403058,0.63607164711193,0.6015777105022442,0.6053828156868446,0.6243561419550417,0.6110312781397195,0.652463805581301,0.6387171379242912,0.6685095168249987,0.6785318099824509,0.7016140048747707,0.7236560575424421,0.7440440859025756,0.7572948813113366,0.7739087217672737,0.7819906885275196,0.7916071278297317,0.8010053883780166,0.8152427833968309,0.829132144995545,0.8398768872235707,0.8553442553026024,0.8676359869436554,0.8798370028978258,0.8980855658082642,0.9167791704717871,0.9293684082565027,0.9436888963547652,0.9567055429413638,0.9386845067804956,0.9999999987838994,0.9999999987838994,0.9999999987838994,0.9999999987838994,0.9999999987838994,0.9999999987838994,0.9999999987838994,0.9999999987838994,0.0
-2.322,0.9999999987838994,0.9999999987838994,0.6376608632228865,0.7631959894184538,0.5076533189931703,0.5775911333521117,0.518695362945877,0.5062995600027203,0.5114502744088719,0.5615617181301499,0.5877738302666252,0.6006686073861603,0.6284584910042981,0.6669411403840166,0.6947553075777939,0.7303236114760314,0.7618295491338719,0.7892412893772115,0.8015999284832354,0.8124270149014855,0.8175120110123524,0.8293436903398695,0.8369069607053389,0.8474967466580374,0.8562297392688547,0.8642711985549113,0.8728521539111865,0.8820553488638693,0.8951110028110522,0.91114840235573,0.9225468253514271,0.934738065157295,0.9441588504089401,0.9420412455594469,0.9999999987838994,0.9999999987838994,0.9999999987838994,0.9999999987838994,0.9999999987838994,0.9999999987838994,0.9999999987838994,0.9999999987838994,0.0
-2.172,0.9999999987838994,0.9999999987838994,0.4967063038169284,0.5742689885320901,0.6087186858208053,0.5363265211194344,0.5255303323307837,0.5192020189597705,0.5302998145451817,0.5776429683001093,0.5908172388725258,0.6117537537555882,0.643373731685159,0.6702069551712461,0.7074452185867447,0.7501891913711697,0.7887852920290883,0.8009689109902717,0.8247248877209623,0.8325808003071707,0.8389650504107049,0.8436230826976654,0.8502918447024154,0.8589593673819994,0.8636464490115682,0.8715446733311573,0.8786898095948759,0.8844813914008496,0.8971140135283044,0.9113866856305218,0.9233453910567452,0.9354067637973591,0.9445725667346418,0.953252923517634,0.9999999987838994,0.9999999987838994,0.9999999987838994,0.9999999987838994,0.9999999987838994,0.9999999987838994,0.9999999987838994,0.9999999987838994,0.0
-2.043,0.9999999987838994,0.9999999987838994,0.874323556007564,0.27882156888469467,0.547188894878296,0.43220995348250596,0.5450979366257931,0.5819919533039498,0.5468020095357058,0.5869698283322722,0.5987542394937515,0.6524891783784099,0.6718692181325863,0.7080493845606636,0.717630530938024,0.7513207411769858,0.7968428753310564,0.8172569171153421,0.832480735474334,0.8360772659028544,0.8466219749040688,0.8485761570917353,0.8560637908355115,0.8616965600751416,0.86917834678395,0.875624374782093,0.8825475351462263,0.8898799661502842,0.9015892663602404,0.9135582562993583,0.925486350227868,0.9369504503501147,0.9493999816484674,0.9576489694857341,0.9746178843957752,0.9999999987838994,0.9999999987838994,0.9999999987838994,0.9999999987838994,0.9999999987838994,0.9999999987838994,0.9999999987838994,0.0
-1.93,0.9999999987838994,0.9999999987838994,0.728002184667148,0.7885152800096223,0.5218517325910335,0.5818446775484984,0.5319334791517742,0.5775506472862474,0.581460130247687,0.6244454559999645,0.6249507420456275,0.6455314991662073,0.6765667062131012,0.7064403354493816,0.7357033639507836,0.7713429388737473,0.8017959817414535,0.8213281672106924,0.8342572458675451,0.8494094471874191,0.8507268992742905,0.8566093495944019,0.8605943247111122,0.8668078600446595,0.8709878594471491,0.8771080223302454,0.8833336050059729,0.8891004759881462,0.8999557416925003,0.911976744339404,0.9222249755155196,0.9346705396246698,0.9448750977578172,0.9549243764332751,0.9676365287258801,0.9999999987838994,0.9999999987838994,0.9999999987838994,0.9999999987838994,0.9999999987838994,0.9999999987838994,0.9999999987838994,0.0
-1.83,0.9999999987838994,0.9999999987838994,0.5999999999831949,0.6387315293970062,0.5478692508214535,0.45749721370692537,0.6001287612872458,0.5757258419307103,0.6328721328209695,0.6196140077211713,0.6416038058482951,0.6763410335372749,0.7039080874549799,0.7206250333761807,0.7420748681816329,0.7851808573863852,0.8099337899193605,0.8281906852527352,0.8417795549501739,0.8544220248957194,0.8595883709752468,0.8673980878865488,0.8700418684684988,0.8740191127666184,0.8786135542801748,0.8857103808378998,0.8894180492804747,0.894569103339502,0.9032136810408933,0.9133342423287548,0.9232934608325359,0.9344677921248886,0.9422760350870518,0.9531259859748977,0.9617050724993055,0.9999999987838994,0.9999999987838994,0.9999999987838994,0.9999999987838994,0.9999999987838994,0.9999999987838994,0.9999999987838994,0.0
-1.74,0.9999999987838994,0.9999999987838994,1.0278046582775748,0.6145758855223368,0.695073925112065,0.563692341079961,0.5802613316341737,0.6233061041354879,0.6186048847135746,0.6572840157894582,0.6794130635342461,0.6804849672805222,0.6997005709349922,0.7480105130323447,0.7630400183543985,0.7943666655654008,0.8222352088261665,0.8399847443310229,0.8490833846645756,0.8580323557990388,0.8717064334875397,0.8756876836059458,0.8816635576943508,0.8877874253846095,0.8914077401316596,0.8962703232062579,0.9013041100866428,0.9058521736875953,0.912201004707038,0.9208418621294737,0.9293635641584728,0.9374785184198255,0.9467201340583417,0.9556324413831465,0.9645252831014652,0.9417568097433737,0.9999999987838994,0.9999999987838994,0.9999999987838994,0.9999999987838994,0.9999999987838994,0.9999999987838994,0.0
-1.653,0.9999999987838994,0.9999999987838994,0.588402635238376,0.5440265821024449,0.6293338589835085,0.6256982900777827,0.6150135061344597,0.6331279245246504,0.6289098950768577,0.650627221434556,0.6655709130102565,0.7068058835997679,0.7020647488745891,0.7264069589749523,0.777982215646748,0.7937423547331863,0.8237440951100526,0.8408488640785653,0.8548076284082571,0.8667103837148874,0.8704936994862889,0.8801041934683682,0.8866799239841351,0.8940851739861666,0.9015106677160837,0.9063878365613852,0.9126881536248374,0.9167952377294922,0.9260997402680614,0.9357507865291588,0.942248726155852,0.950464976463447,0.9601189195741694,0.9689459318480599,0.9759088851281567,0.9964745697083277,0.9999999987838994,0.9999999987838994,0.9999999987838994,0.9999999987838994,0.9999999987838994,0.9999999987838994,0.0
-1.566,0.9999999987838994,0.9999999987838994,0.3009054178567027,0.6819930386612025,0.6743652335083681,0.6125295572793282,0.571949516620034,0.5800384122074466,0.5941486174028577,0.6356682250760957,0.6926632747227284,0.6819752832038459,0.7288617390950778,0.7366478609827309,0.7723956185021204,0.7891453175694731,0.8219663807884764,0.8385888351887727,0.8473260126097248,0.8574701621198585,0.868369593930412,0.8702066743250404,0.8752030787145944,0.8774420905079908,0.8796092139069444,0.8820745622739954,0.8853240576536427,0.8897775458586477,0.8972678490391318,0.9055392236346576,0.9153380241509338,0.9255458152381756,0.935792209918063,0.9481653821852285,0.9628114699970619,0.9809466389115543,0.9999999999138565,0.9999999987838994,0.9999999987838994,0.9999999987838994,0.9999999987838994,0.9999999987838994,0.0
-1.479,0.9999999987838994,0.9999999987838994,0.8279042892578942,0.6378277825445566,0.5720363411781568,0.5822597755368237,0.5833898413324419,0.6114658916139902,0.6177870944017484,0.5986345443592255,0.6405462618358888,0.7068753422326151,0.7112190727915466,0.721329824561958,0.7545623801323372,0.7883762266339301,0.8048985949051592,0.8362215696629596,0.8463087787204231,0.8517087684617436,0.8611846790638172,0.8666717631648637,0.8730853468836517,0.8748416033200903,0.8766744386701957,0.8776209467309373,0.8778627085692418,0.8803590583820838,0.8810016072721099,0.8851167230232481,0.8904393682332739,0.8983687850759688,0.9079976517679853,0.9176261495412023,0.9279710280707428,0.9334140745984736,0.9200515123015006,0.9999999987838994,0.9999999987838994,0.9999999987838994,0.9999999987838994,0.9999999987838994,0.0
-1.392,0.9999999987838994,0.9999999987838994,1.0469248570962348,0.6684900273791353,0.5833924442695785,0.5807030737931698,0.5853748685723553,0.55214910493828,0.6064260205667535,0.6223416595442255,0.6591591877463338,0.6724296554172899,0.6951854262197561,0.7188940462878486,0.7482593477332345,0.7854640619386067,0.8106478798048649,0.8321323427162807,0.8440429929089537,0.8520812384501968,0.861000172791702,0.863339754751252,0.8692465191587925,0.8735738761518688,0.872767476085718,0.875071445956876,0.8743042581363114,0.8735162923035357,0.8765665572655211,0.8781477001714341,0.8807657467666506,0.8857472398530174,0.8926445456093146,0.8984756203415188,0.9041790699872336,0.9018095926268932,0.8931351708593022,0.9999999987838994,0.9999999987838994,0.9999999987838994,0.9999999987838994,0.9999999987838994,0.0
-1.305,0.9999999987838994,0.9999999987838994,0.5841208012467541,0.7284981643253189,0.6385281236569552,0.5413537932102614,0.5892209574624941,0.5973548005365519,0.6155771356176228,0.6226698222527705,0.644475331998304,0.6876948272355158,0.7052385521761068,0.7355049874376702,0.7539747520874585,0.7858001543861219,0.8138671410537294,0.835292676048638,0.8475151786964159,0.8544863119161802,0.865921530525206,0.8693031874213668,0.87226571382459,0.8774891060482422,0.8801160828849806,0.8766400054067646,0.8764436943599248,0.8725528626122516,0.8707764505872727,0.8708520533545864,0.8721218371304315,0.8744413609408369,0.8788402299085151,0.8856799797621286,0.8907942631884508,0.8932577687905358,0.8907526869851686,0.8936340606076936,0.9999999987838994,0.9999999987838994,0.9999999987838994,0.9999999987838994,0.0
-1.218,0.9999999987838994,0.9999999987838994,0.9136422107946959,0.7887281109242802,0.5945290589193909,0.5359961040999911,0.5392220391856484,0.5906893783592952,0.5975587042116481,0.6300804682969445,0.6903140276787141,0.7052018566089621,0.72126928238984,0.729184540993829,0.7668497422848876,0.7984897773158847,0.8188909938992683,0.8440507669114276,0.8579670246066033,0.8688543533228176,0.8781872247312413,0.8789638826930196,0.8850672157017018,0.8893911755978394,0.8921432263934206,0.8909643202055488,0.890234258781871,0.8852080759683392,0.8829745219122206,0.8847018757778128,0.8870383315843837,0.8893564227497069,0.8948945732410514,0.9009643964656048,0.9048959371979387,0.9050031866554067,0.9055390167757447,0.9025433877263423,0.9999999987838994,0.9999999987838994,0.9999999987838994,0.9999999987838994,0.0
-1.131,0.9999999987838994,0.9999999987838994,0.8364024950807006,0.7877354258743304,0.5784473115118473,0.564880921691563,0.5762274172370389,0.5732557448046163,0.6231604070106304,0.6613867205396426,0.6767947758617477,0.6943483341505378,0.7410894439565194,0.7453560420948329,0.772203685735196,0.8081108074496836,0.8378848726227355,0.8592034346241543,0.8685795740933759,0.8830789564220458,0.8890930809792603,0.895855329109998,0.9002161483037632,0.9034866978232879,0.9064838883813013,0.9044185028054185,0.9052642737268163,0.9036844231268688,0.9017427631960293,0.9016946929050323,0.9031461925856491,0.9065461204507514,0.9115299180098914,0.9175952371458681,0.9219028729345781,0.924183000966944,0.9212883488519764,0.918909890722427,0.9160134738415513,0.9999999987838994,0.9999999987838994,0.9999999987838994,0.0
-1.044,0.9999999987838994,0.9999999987838994,1.1182161327735383,0.7109732109781375,0.6639836433732589,0.6234462004491078,0.6295100994304991,0.597969192887176,0.6377385633448026,0.6540914980917637,0.7066277638503362,0.6998361367707396,0.7477729253562088,0.7590349198812165,0.7926934821799531,0.8239173629631029,0.8505677524800652,0.8746711890490448,0.885107578519726,0.8933603648523326,0.900471695289893,0.9103673817353476,0.9135254641925192,0.9169289210149019,0.9193351948680885,0.9172162468376505,0.9172713954972087,0.9172805009111811,0.9147714465353938,0.9138987970587397,0.914589044321031,0.9167284779554494,0.9203949492157194,0.9266942374296121,0.9317144618693473,0.9328228677334736,0.9317319002074782,0.928841145519313,0.9366497183790171,0.9747295492886163,0.9999999987838994,0.9999999987838994,0.0
-0.957,0.9999999987838994,0.9999999987838994,0.6746747367404003,0.6637052880728735,0.5068234788535483,0.5774355558899558,0.6251250070024403,0.6143766845938436,0.6795370906494046,0.6756947923088614,0.7021981296891263,0.7029301906336961,0.750052997294637,0.779632999588148,0.7990221430902775,0.8319800649041853,0.8624944587002458,0.8799631127687082,0.8953632434770672,0.9093569407413257,0.9149575554985465,0.9154409742021599,0.9212405608697026,0.9270454459067415,0.927414348074535,0.9264892610678521,0.9264452875257274,0.9236328140080976,0.9213313474679815,0.9196998123265129,0.9200207907034772,0.9219785988681926,0.9248292466069246,0.9302753187515621,0.9336930694053904,0.9346110010240948,0.9341590196052167,0.9320538599415965,0.9307072893520099,0.9140086017352328,0.9999999987838994,0.9999999987838994,0.0
-0.879,0.9999999987838994,0.9999999987838994,1.479923231748423,0.7079926581970161,0.6249307400970351,0.5486878068873646,0.6591418514909115,0.6276705678820986,0.6691186608829978,0.6886831290670782,0.7058075983084128,0.744769772503694,0.7469699148578279,0.7744963621738086,0.8100945536016649,0.8437900868475496,0.8671071555863868,0.8860940027766999,0.9020483338780446,0.9129442536085588,0.9214685289658555,0.9234425224798238,0.9273169101256616,0.9307561028175066,0.9319116178746271,0.9311745491252463,0.9310206520838642,0.9284467072620767,0.9254789582926275,0.9239541604636794,0.9230342244058529,0.9254682217892884,0.9279800355858853,0.933511606812303,0.9375363368597385,0.9387886815474458,0.9385207508659088,0.9356711911657087,0.9333774721532748,0.9270180987922643,0.874791207089225,0.9999999987838994,0.0
-0.783,0.9999999987838994,0.9999999987838994,0.7731706586975607,0.7005165735607779,0.6536586209960017,0.6917590957315262,0.6432929816896272,0.5856810907781523,0.6835573422820772,0.681734540477131,0.7129380676173596,0.7376206494073655,0.7623432847655018,0.7867383735504496,0.811252723040531,0.8508148309131808,0.8738443664924077,0.8924685347480534,0.9076460202309552,0.9137334680965135,0.9198507144788736,0.9262011553319962,0.929972511589795,0.9346698407847437,0.936234919084355,0.9350908705005612,0.9352391518359972,0.9327215027288731,0.9294035843403852,0.9282940115064859,0.9286687817405691,0.929898133502627,0.9327175959836319,0.9377657136729768,0.9419245357204774,0.9440656729216776,0.9433101168207665,0.9423103341978006,0.9408219780024972,0.9338114130981655,0.9310413972177253,0.9999999987838994,0.0
-0.696,0.9999999987838994,0.9999999987838994,0.3275787098672801,0.5758135664027683,0.70637381424035,0.5945770343877109,0.6516733741962709,0.619742137500753,0.6492252308796773,0.6923376134544221,0.722837376342012,0.7469946420175396,0.771788235279867,0.7980887679262584,0.8140843316532205,0.8483140999083185,0.8767913913573475,0.8940979623507157,0.9074142942889112,0.9143989587139072,0.9233479404828465,0.9292520744720332,0.9349397217881665,0.9386828086361335,0.9397996612249957,0.9389833888644424,0.9397240444159285,0.9373810395603331,0.9341940050939255,0.9331110901364869,0.9333396701117416,0.9350734060525668,0.9377220218931561,0.9417321821537025,0.9468699993596766,0.9486072731927948,0.949650958227248,0.9477513089095221,0.9463645164605814,0.9421951029176566,0.935860796412598,0.943545682853136,0.0
-0.609,0.9999999987838994,0.9999999987838994,0.9987176674817032,0.4591196174436479,0.672400606497884,0.6657697927303039,0.6018124624114832,0.670856900943469,0.6742367351443315,0.7012292933876307,0.7312994354813777,0.7542354919507179,0.768690488912698,0.7898873357142444,0.8195602326218955,0.8447354172810845,0.8795662481593625,0.8934108126766526,0.9094723939122158,0.917677030418824,0.9240356510634428,0.9282541974345014,0.9342509375544218,0.9385375732989968,0.9415535981770831,0.93974471099938,0.940163838516325,0.9381159865239282,0.9347849326574245,0.9334663441276839,0.9340912301673395,0.9354559408158768,0.9382201420411814,0.9434051620953886,0.9477758702048144,0.9507099894477222,0.9514128768888838,0.950335916850516,0.9486360211619579,0.9447270012239808,0.9414261424672603,0.9403650266090113,0.0
-0.522,0.9999999987838994,0.9999999987838994,0.9901753646932046,0.7787771291589501,0.6133030332338968,0.6299212957997101,0.6418165327978416,0.6252590513254146,0.6665707462565909,0.6864973940511636,0.7346396162326803,0.7276189349123118,0.7702684362429547,0.7929540201181957,0.8177963481519035,0.8504952332316621,0.8686613005128767,0.8947625505936011,0.9104849828985938,0.9139277939363416,0.9220315544220647,0.9290058134089676,0.9327138103881678,0.936009934497086,0.9370849152359412,0.9380374362197683,0.9375946388990999,0.9362688574640987,0.9330913479873153,0.9314466196419574,0.9326291413844265,0.9340233252474742,0.9371896320601282,0.942602425310459,0.9478944947614553,0.9502868788413206,0.9511024765520439,0.9509375414339772,0.9505439028281093,0.9467937026219699,0.9426796652419653,0.9384854495347523,0.0
-0.435,0.9999999987838994,0.9999999987838994,0.7046060014033941,0.6239650486975417,0.6623021326268272,0.6057884411321786,0.6653396883396996,0.6614004336555239,0.7026520490217233,0.7083319715409039,0.7080025972932775,0.7493351120868988,0.7724735835465467,0.7854767909223671,0.8098345910306287,0.8530991304381828,0.8730659253970379,0.8964376678848047,0.9078523110503264,0.9172686986371346,0.9232494922778922,0.9245372856223224,0.9319190903365786,0.9367697242502152,0.9393099163770242,0.9373095814577967,0.9374751434798149,0.9358690699232919,0.9334485037017417,0.9323928583673254,0.9326533378901469,0.9349458664487825,0.9384233173904967,0.9429027535245531,0.9481374758253764,0.9510645591973329,0.9521050076036317,0.9521135464205185,0.9508439034046163,0.9478137581216282,0.945428217558211,0.9390518113895451,0.0
-0.348,0.9999999987838994,0.9999999987838994,0.6614040996426397,0.8178692293804849,0.6875125928216771,0.6008523337007412,0.6287988431441223,0.6553944843314484,0.6879550643277768,0.7152735047857837,0.7072124330615394,0.7513412570615068,0.7719636966133664,0.777788379171772,0.8261115381890898,0.8484010148304517,0.8762311222996575,0.892661310284786,0.9070519930326966,0.915639817382123,0.9260950453201933,0.9296117731360345,0.9349254893610203,0.9396234531536037,0.939639628307055,0.9409943650516909,0.9406658243633346,0.9379337853469871,0.9363775864708818,0.935736419012553,0.9360582252580718,0.937511688671366,0.9410291195663617,0.9459228042319568,0.9510787054034955,0.9540960872897191,0.9554232515561206,0.9556112810932137,0.9545305533500497,0.9531431402323188,0.9499192117001136,0.9445204114792144,0.0
-0.261,0.9999999987838994,0.9999999987838994,0.7569293476054314,0.5942982066446639,0.5439891368470229,0.63775646290196,0.634994242739217,0.6609316480381258,0.6870558291543161,0.7194621964918885,0.7111603957952114,0.7440838405157576,0.7783588502791358,0.7920495015734172,0.8218122131528258,0.8530305291448436,0.8771968205582383,0.9002480575476618,0.9064827654936465,0.9154137830372197,0.9242820808859864,0.9291963954012844,0.9343763678930725,0.9387744395154848,0.9407423777160767,0.9409701160213878,0.941074450127886,0.938925825471102,0.9369694805948886,0.9359254686788162,0.9364564094234202,0.9377348308767536,0.94105857702313,0.9459598568982511,0.9514044934221897,0.9546595701535311,0.9560952119435525,0.9562478888438004,0.9553503823342282,0.9534435456352788,0.950566617304039,0.9442681692466781,0.0
-0.174,0.9999999987838994,0.9999999987838994,1.1358452038266427,0.756440317031671,0.6578251112120496,0.6511268127206702,0.5955446712282337,0.6150778930524846,0.6502900797478002,0.7202182426828881,0.7264136531663573,0.7677480043608076,0.7626867085996973,0.7918655618465175,0.8125073365508004,0.8451063600573601,0.8758045320894509,0.8965214763005692,0.9062990855419102,0.9190886921569857,0.9241579571605685,0.9258514742657438,0.9338200308007565,0.9382853520226518,0.940211418029619,0.9395770169856752,0.9399184148603664,0.9400119683711271,0.9367950994977183,0.935727142999176,0.93640190888692,0.9388526208205848,0.9423556075042275,0.9469591562207897,0.9525539888240134,0.9557877979584203,0.957343562739442,0.9571801077296895,0.956505353916834,0.9550777999977313,0.9523722082907408,0.9448145416805046,0.0
-0.087,0.9999999987838994,0.9999999987838994,0.7386673152420874,0.618479086643489,0.6125556056255201,0.6146782752108807,0.5983221078298475,0.6667658576910269,0.6492799477810846,0.6871846390406405,0.7445547168798131,0.7401087030658263,0.7770145352862504,0.8069392413435144,0.8135446451847255,0.8475824970254022,0.8760145094054779,0.8962733823495415,0.9059920242938033,0.9145623463252227,0.9211056660588955,0.9299290178627433,0.932764128549619,0.937109690103062,0.9385416913804514,0.9390895905788188,0.9387046795419968,0.9363922420156494,0.9355025394297795,0.9336615153712189,0.9357915837245236,0.9384666252098441,0.9412272758300041,0.9470629476201163,0.9523074989878099,0.955610544279585,0.9569781031793592,0.95760636351463,0.9562924001421726,0.9551140245732076,0.951772595744851,0.94418336184128,0.0
0,0.9999999987838994,0.9999999987838994,0.8271891802297426,0.7801162021187137,0.6306582204021804,0.6471235832552789,0.6100696714542828,0.6268965850400436,0.7012247241186019,0.687977429963859,0.7115078930637686,0.7471400361561477,0.7728497559721623,0.785781761114271,0.8134741063852798,0.8451479378239288,0.8754454006884135,0.8954499687199003,0.9065458957251856,0.9159522726507292,0.9246325987037572,0.9285591073695226,0.9338842618962347,0.9379743051254463,0.9406580709391504,0.9382505711974256,0.9388353250376498,0.9380326457160496,0.9348654416024423,0.9337657682656404,0.9342563717552248,0.9368816785934405,0.9400315455130169,0.9450976719493858,0.9503802726807321,0.9536740666324168,0.9552663816034997,0.9559474657157768,0.9545823676870108,0.953008912485267,0.9502055107788695,0.9421258480643906,0.0
0.087,0.9999999987838994,0.9999999987838994,1.2249999707370631,0.6951398776786539,0.6091054330850774,0.6378560094302058,0.5860893715991563,0.6234371135712529,0.6622508371030317,0.7064436977450991,0.7112172040361263,0.7467725210048258,0.7700443003857282,0.7870602007264139,0.8254381889681213,0.849047490657457,0.8777770438917532,0.896651852948974,0.908588242386283,0.9164612743533012,0.9228326648519041,0.9334687797447728,0.9329898610472527,0.9393282432748983,0.9405095107585627,0.9411431809290853,0.9410916647196664,0.9399995213479833,0.9370136443517382,0.9367042599935521,0.9370466360056272,0.9393602057369899,0.9424260591797092,0.9474595891708727,0.9532135002500712,0.9565509816887524,0.9580884246280025,0.9581166587954936,0.9576100595342993,0.9558221137299037,0.9532572373811047,0.9459006087565236,0.0
0.174,0.9999999987838994,0.9999999987838994,0.6500000000077307,0.713284543162976,0.6603682238653362,0.6143462201199161,0.599182418506634,0.6491877023254002,0.649877194791403,0.6790276690225052,0.7072713786510644,0.7596742552085146,0.7698120207340856,0.8013949228378137,0.8173541927214607,0.8499899002054769,0.8736709911701303,0.8944749627178252,0.9026478825133669,0.9166834598502903,0.9239418952664598,0.9276136736649111,0.9355432511356153,0.9392301636204311,0.9422481935249702,0.9414995217741388,0.9406686001091961,0.939404354906778,0.9369781148429421,0.9359995317676412,0.9361735639016715,0.9379382097756604,0.9411108698779559,0.9460349544412507,0.951244992115961,0.9545144632593409,0.9559430095851748,0.9562102288895218,0.9558305409075569,0.9537732884368512,0.9507926325176919,0.9450252676059749,0.0
0.261,0.9999999987838994,0.9999999987838994,0.8538970427499127,0.7170895338935915,0.675895051207767,0.6339401113836516,0.624778458694105,0.6092696106875267,0.658183274739365,0.7144514497717054,0.7263680512990984,0.7560795689266345,0.7720867650718223,0.8007102288188782,0.8148876508380178,0.848431081064958,0.8707221304581746,0.8909951594919994,0.909280387465599,0.9158082287438283,0.92252162441158,0.9260539523199192,0.9339235494589426,0.9394878630729899,0.9410273044983777,0.9402754851786542,0.9400240446228437,0.9378821717429349,0.9362285529897155,0.934131394409057,0.9346177352215,0.9363765504459427,0.9390791790914962,0.9434606781749801,0.9485700176202879,0.9515958694535712,0.9529858546436237,0.9534582587718354,0.9523161035789667,0.9498641689470249,0.9477135219955803,0.9414449092007486,0.0
0.348,0.9999999987838994,0.9999999987838994,0.8063173862517357,0.545113074535495,0.6910848466667762,0.6762052195229469,0.6358191912635552,0.6611141801036992,0.655219230194909,0.6980804133920222,0.7221744724532256,0.7671706570498438,0.7791894970587219,0.7976235046763899,0.8163531917320794,0.8485978788588419,0.8750454032141758,0.8944661018349247,0.905793624981559,0.9120845026333695,0.9257236817443306,0.9277615413131377,0.9327055132097868,0.9356477608503173,0.9394592428015579,0.9393577818138492,0.9377256963050355,0.9369243863169014,0.934858136293764,0.9343473418591285,0.9341984914178234,0.935808341726889,0.9390269836906878,0.9443062396982984,0.9500593701861153,0.9528179975354467,0.954062443368723,0.9544626988003592,0.9530066094199976,0.9509241496734187,0.9471575870269332,0.9420287182859558,0.0
0.435,0.9999999987838994,0.9999999987838994,1.3349585993199333,0.598155904988611,0.6713981525718815,0.6496112432111247,0.5817120312170372,0.6730945000181969,0.7092652363091142,0.6898585785922021,0.7166851698224469,0.7569116723130591,0.7703582608557686,0.7846033368314035,0.8128179089147777,0.853966230965463,0.8713665907805171,0.8940936454694784,0.9033483825150848,0.9126114306576072,0.9191665128775726,0.9274002769949258,0.9327318202805144,0.9377835076676481,0.9396395843474584,0.939445030666741,0.9374391266799152,0.9370337406201747,0.9337611021042301,0.9332885808185053,0.9332919158883822,0.9350665883312337,0.9383129218569222,0.9436945877173523,0.949112865029637,0.9515721643930167,0.9527670707252994,0.9529218422558446,0.9511445723471231,0.9481050401563392,0.9445839527182495,0.9388870138922224,0.0
0.522,0.9999999987838994,0.9999999987838994,0.7444429004929572,0.7034806760472018,0.7575634708203552,0.6517016586042937,0.6585216636992238,0.6481764927165435,0.6757971354103409,0.6895057192233311,0.7305238150277064,0.7533430589002074,0.7698512470614943,0.8027111252152326,0.8245374640219619,0.8479405530002317,0.8738166580820111,0.8931540487874001,0.9071426298441371,0.9162483617031543,0.921218504313441,0.9255264742025401,0.9349032880923923,0.9399908412157153,0.9404405527184325,0.9409387099559747,0.9389270015115606,0.9385173030932421,0.9351759014407105,0.9342253463984886,0.9346096241923657,0.9366539709628283,0.9392873284848695,0.9444259426056646,0.9493407864144938,0.9520141620359144,0.9526628765175853,0.9526531533376269,0.9514932650431143,0.9482468910385622,0.9443427210219009,0.9415247902985042,0.0
0.609,0.9999999987838994,0.9999999987838994,0.6453872904650595,0.7148181048576765,0.6921020323070777,0.602306116384007,0.5920841042389104,0.6471096685047932,0.6799943523757769,0.6919066402955857,0.7402310820952587,0.7526489996806354,0.7693914174599136,0.8040616394658971,0.8079422058578891,0.8465019353787888,0.873815416034634,0.8938163430877607,0.9052549621378513,0.9140683830323882,0.9242772766856575,0.9261758816302418,0.9338119773497001,0.9380979955722614,0.9395648241110266,0.9395680354977102,0.9391050857907988,0.9376202036605275,0.9345864723828932,0.9327020839273105,0.9338031031191163,0.9356104492404889,0.9388257718428501,0.9434552105456865,0.9481594468391851,0.951119146052596,0.951483214863155,0.950874491511756,0.9493221677386134,0.9459984375611492,0.9390236656859344,0.941674969694302,0.0
0.696,0.9999999987838994,0.9999999987838994,0.2671501712225602,0.7695571455230367,0.5590667265844469,0.6049697621991746,0.6283373664661437,0.6366769039662956,0.6810910537383768,0.704313621216947,0.7367895819067752,0.753067421533942,0.7586621219882791,0.7919006271855261,0.8048085722583707,0.8402792918041521,0.8713859827901926,0.8894776581743083,0.9027034557149505,0.9121436842699113,0.9229340952023342,0.926187312289769,0.9318485979474231,0.9365055868956337,0.9368172851159225,0.9370610743071273,0.9355880453446076,0.9348903903087041,0.9320763926619765,0.9297831734689005,0.9304552393970675,0.9321656260632517,0.9353977953656892,0.9399801582347043,0.9451483029920765,0.9469049668186555,0.9467336426742557,0.9453120097118132,0.9429131058431898,0.9386830313464677,0.9407433557913224,0.9760747525358482,0.0
0.783,0.9999999987838994,0.9999999987838994,0.6978012511326626,0.6255709417637426,0.5409644343453874,0.5647262810158776,0.6352874819759458,0.6354449461992374,0.6697913290247144,0.6855684156303569,0.6818070368741421,0.7315151183541573,0.7585655068541852,0.7735848174061433,0.8101145696296002,0.8446530832564254,0.8665786166206928,0.8861148442001566,0.9002538816235995,0.9066751812643287,0.9150425349633028,0.9201015217818002,0.9262043920020272,0.9311648598750163,0.9310211753263357,0.9313779688571812,0.9301122781232701,0.92886487475674,0.9248752053630033,0.922524876736909,0.9218477185703785,0.9240160513872921,0.9272521916284097,0.9313963448766148,0.9359200367770569,0.937261901759681,0.937362471000167,0.9340527466845883,0.9328019399529622,0.926701023433693,0.0,0.9999999987838994,0.0
0.879,0.9999999987838994,0.9999999987838994,1.0064895424042295,0.8307945885498874,0.7027876022259163,0.6732880295922488,0.6163971534975774,0.5981423290368592,0.6440211247521764,0.7051006514115368,0.7221415588434272,0.754216405528134,0.7488215577630674,0.773360222760287,0.8051864314215432,0.8327296599294443,0.8608369964707435,0.8785329955722161,0.8938559781604072,0.89953602877572,0.9086483509096644,0.912262585096524,0.9191361396869133,0.9227984264495994,0.9268295242942516,0.9260835647115438,0.9243811933291898,0.9218601388732567,0.9210896694725674,0.9183966883118889,0.9193399100999795,0.9211646995262619,0.9246085709057509,0.9308412007564291,0.9338512324126138,0.9356202037102944,0.9368603050827584,0.9335690908958424,0.9299491817391041,0.9075668717667469,0.9999999987838994,0.9999999987838994,0.0
0.957,0.9999999987838994,0.9999999987838994,0.7196038261460568,0.6921448537753718,0.6906700987586939,0.5554801032495628,0.66981797508305,0.6206572611624451,0.6523360811887821,0.6583395531664494,0.7136044983396653,0.7083018163436626,0.741422805904213,0.7697596662742935,0.79699118555291,0.8233713655700995,0.8483855849827464,0.8734638315096451,0.8821801259315428,0.8965031553158719,0.8998631218838009,0.9062435897230696,0.9090166533617513,0.9177434740573385,0.9167369464949626,0.9168285221191862,0.9157017610761041,0.91544116507088,0.914168921993989,0.9115458884095928,0.9141446624405936,0.916303073197265,0.9200075874232877,0.9258267895159363,0.9302907621586676,0.9325827869538592,0.931466056597462,0.9282563503679555,0.9196879292997558,0.874999999573642,0.9999999987838994,0.9999999987838994,0.0
1.044,0.9999999987838994,0.9999999987838994,0.9416617335645805,0.8289109036482808,0.6393717244869102,0.6757894387775815,0.6383030857988682,0.5827304595448534,0.6367501841625224,0.6589906460477917,0.6986442837491575,0.7146306297629474,0.7337831405619163,0.759606335460638,0.782222900330042,0.811564201957958,0.8387018005610831,0.8515606839396129,0.8684680907255024,0.8792898186793091,0.886008663354387,0.890754235426709,0.8983838956276179,0.9025782275083428,0.9032483733844864,0.9031086657795209,0.9014330293341526,0.9000158789848935,0.8989653316618895,0.898695618916076,0.9005866032443645,0.9038634371797177,0.9088920893204596,0.9148864388425548,0.9196917404331955,0.9215364013050563,0.9215376987664669,0.921834618248352,0.9274378969581963,0.9999999987838994,0.9999999987838994,0.9999999987838994,0.0
1.131,0.9999999987838994,0.9999999987838994,0.6540846892405952,0.5552064959495686,0.6113506853523585,0.5787533322863175,0.6193321981828929,0.5691991288222327,0.6315432813739518,0.6628792721753088,0.7046673562646542,0.7026715243480014,0.7198338691488393,0.7381354566762002,0.7688348981984104,0.7988474765100441,0.8203904670450695,0.8466105615131598,0.8517438744309008,0.8622657263527919,0.8700497068063654,0.8762900603230992,0.883489626283004,0.8855379955086623,0.8874754263806763,0.8861295611600812,0.8835564098336472,0.8842741206074558,0.881493960449706,0.880484493507199,0.8832931436247864,0.8866548406318219,0.8915285531809393,0.898901036745328,0.9032591650696961,0.905247091400464,0.8999562096339171,0.8972616060123323,0.9999999987838994,0.9999999987838994,0.9999999987838994,0.9999999987838994,0.0
1.218,0.9999999987838994,0.9999999987838994,0.9713294397969853,0.7775166120633141,0.5506250901395591,0.6029439771904406,0.5622163788846527,0.6018639060937272,0.609808301429824,0.6155532844540988,0.6516304262243243,0.6850716346890869,0.6944254560983878,0.7467980099231342,0.7541919278393724,0.7800314300797379,0.8066513182588579,0.8271722198249963,0.8425376527900511,0.8541582149040237,0.8616541402376974,0.8648771439569795,0.8696805890677368,0.8729611640720437,0.8745732073581233,0.8758217296514669,0.8721741368459075,0.8709723122421421,0.8709061399450081,0.8714325313561336,0.8750130319424096,0.8790374378490795,0.8838724602655187,0.8913366755786071,0.8974065781423735,0.9000945069476676,0.8974994831738573,0.9199854413392368,0.9999999987838994,0.9999999987838994,0.9999999987838994,0.9999999987838994,0.0
1.305,0.9999999987838994,0.9999999987838994,0.0,0.5409140485157048,0.606771494502245,0.5543951308476782,0.5682672441474063,0.6355010819942818,0.6286144774483532,0.656511019597145,0.6513278439110947,0.6734636702156603,0.7082082278735159,0.7215565358166329,0.749483943462889,0.7854201253652605,0.8057929116663503,0.8238080582827466,0.8280773317606066,0.8489761996715866,0.8569365232218024,0.8588417021009636,0.8641615376944097,0.8694223789387399,0.8726692490922123,0.8717513155159982,0.8741036544973995,0.8745730319851529,0.8743964382939128,0.8783484496334198,0.8803386955663784,0.8854235887784347,0.8915452427079676,0.8977564211606818,0.9018926524160674,0.9019028978161341,0.9035736382793836,0.9999999987838994,0.9999999987838994,0.9999999987838994,0.9999999987838994,0.9999999987838994,0.0
1.392,0.9999999987838994,0.9999999987838994,1.0404102635496175,0.5628481255022518,0.5973015233943367,0.6139209678519244,0.594198859564782,0.5799019106869387,0.5923057793192067,0.6194908486352751,0.6568370290609629,0.6653822403744464,0.7306273915195893,0.7384367027032371,0.7416561283304579,0.7825759225936451,0.8041870704908998,0.8276049069174299,0.8389025281010604,0.8487747955806351,0.858834919085806,0.8641930697045215,0.8671068843830808,0.871756647707155,0.8764680764600667,0.8759930441811494,0.8746263841902921,0.8783439969769129,0.8826029103229903,0.8880020150024973,0.8959231643211436,0.9050883721691853,0.9138162035183499,0.9245020284981504,0.9351097165432122,0.9349089417701258,0.9204916686661793,0.9999999987838994,0.9999999987838994,0.9999999987838994,0.9999999987838994,0.9999999987838994,0.0
1.479,0.9999999987838994,0.9999999987838994,1.066394474006969,0.769875299132292,0.6368697216566961,0.6879696094732117,0.5917349664711599,0.6214576517949213,0.625679311507116,0.6621824842086177,0.6572226196538714,0.6962905409199043,0.7029298217276462,0.7344011200459574,0.7652145530137192,0.8028437991347291,0.818111735316511,0.8358431013599027,0.8471207852892255,0.8546834075255014,0.8637273895711879,0.8678092241749881,0.872309589705109,0.8754675564059062,0.8775250072149159,0.8832450800396046,0.8862877991100467,0.8893354845386399,0.8964003247215537,0.9051069830914878,0.9146539822988817,0.9238684423185626,0.934146272468983,0.9486576419242893,0.9637579256987776,0.9780506644607566,0.9999999987838994,0.9999999987838994,0.9999999987838994,0.9999999987838994,0.9999999987838994,0.9999999987838994,0.0
1.566,0.9999999987838994,0.9999999987838994,0.9220524674297977,0.5950663380162302,0.5340843807067899,0.5939108593955438,0.5577060439296821,0.5966251073747697,0.6170904197174166,0.6544793904467106,0.6897262477201291,0.7077457691358214,0.7305151833446639,0.7478671971059468,0.7823459242607254,0.7979139328471918,0.825483747473021,0.8511022474869531,0.8562036188608652,0.8675031059463786,0.8763478871489923,0.8843935733886469,0.8905790318195653,0.8986575453382025,0.9038061043386136,0.9084241986610397,0.9134925506859398,0.9188413322673648,0.9265930713403006,0.9350400554423219,0.9427730578538919,0.9519752479196676,0.9602325732624466,0.9691446352981498,0.9791405182964046,0.989115193039849,0.9999999987838994,0.9999999987838994,0.9999999987838994,0.9999999987838994,0.9999999987838994,0.9999999987838994,0.0
1.653,0.9999999987838994,0.9999999987838994,0.11701266670116128,0.6293427976843714,0.5841627541953555,0.527459629692612,0.6294667318211982,0.5906104192456778,0.6015555436477793,0.6430196532897928,0.6855270488027262,0.7071714755460349,0.7176652489281943,0.7497482155345097,0.7602724657994402,0.7963398083400454,0.8294520121599932,0.8429018894796403,0.8577725710933043,0.8654364356336018,0.871071483134208,0.8752557674388171,0.8808961386941744,0.886392223725678,0.8915855603148357,0.8965088783314209,0.9009585087307005,0.9052911138263332,0.9119065786688112,0.9213465432440121,0.9293806696767363,0.939106620440679,0.9468289177788917,0.9571995072627969,0.9659217950751047,0.9878976552675945,0.9999999987838994,0.9999999987838994,0.9999999987838994,0.9999999987838994,0.9999999987838994,0.9999999987838994,0.0
1.74,0.9999999987838994,0.9999999987838994,0.9620884867953602,0.6169221085874792,0.5283280998178657,0.5119283425177938,0.5749445122954645,0.5861207013474116,0.6054998023832519,0.6068463497794389,0.6479824343429484,0.6790809274991274,0.698405554582506,0.729318748765109,0.7491728112919668,0.7902476627724567,0.8148615541941931,0.8363386669696083,0.8484311677518901,0.8550786644330082,0.8641282042668113,0.8692442776186281,0.8739655406727765,0.8790812194849243,0.8816286464875538,0.8865692438973015,0.8916820691448339,0.8978763647226842,0.907053535657824,0.9166931697729009,0.9270506787769823,0.9388237297465123,0.9496043321873708,0.959380783103887,0.9622420731906806,0.9999999987838994,0.9999999987838994,0.9999999987838994,0.9999999987838994,0.9999999987838994,0.9999999987838994,0.9999999987838994,0.0
1.83,0.9999999987838994,0.9999999987838994,0.8510052352005186,0.6544993163128594,0.6523435296238604,0.6175706284345339,0.5327370883309721,0.541393242084058,0.5607007290882826,0.59344612869783,0.6377773438013561,0.6550618057874956,0.6757727464487584,0.7114537452859995,0.7439686020837897,0.7755036134950748,0.8055148922684537,0.8249414015452705,0.8411831148135087,0.8481920514012079,0.858146465799354,0.8598683715950777,0.8678379129755773,0.8711260060796782,0.8785927752105149,0.8813870792048952,0.8861794542596936,0.8924604582792267,0.9031624160023255,0.9141578882775266,0.924214590147685,0.9362872917002709,0.9454851338318447,0.956499218458125,0.9665157026977547,0.9999999987838994,0.9999999987838994,0.9999999987838994,0.9999999987838994,0.9999999987838994,0.9999999987838994,0.9999999987838994,0.0
1.93,0.9999999987838994,0.9999999987838994,0.9333893348325237,0.6340952648183638,0.5600739946287394,0.5330184716817946,0.49340625094651186,0.5466403982961726,0.563091740762752,0.579465102404875,0.6160286670212463,0.6429762381566766,0.6666372061236367,0.6928165814428289,0.7404995930920721,0.76825046891141,0.8070667749428604,0.8254554781058784,0.8402038377806824,0.845537588980281,0.8541571057360126,0.8575285338579316,0.8632769993198742,0.8724954054318603,0.8775362906641359,0.8829828973077731,0.8892475144036727,0.8963899799779218,0.9064743544378526,0.9193721745937553,0.9298325233045298,0.9411663999442899,0.9512265277110682,0.9567387435502888,0.9749999999998838,0.9999999987838994,0.9999999987838994,0.9999999987838994,0.9999999987838994,0.9999999987838994,0.9999999987838994,0.9999999987838994,0.0
2.043,0.9999999987838994,0.9999999987838994,1.203996673212445,0.5640172855457727,0.6165339684136241,0.5982638377278197,0.5116106353589398,0.525101591196448,0.5645269944044257,0.5604741073747745,0.5902364391660593,0.6331398494701329,0.6506456728919154,0.692679254607822,0.7259192289840647,0.7593965520999122,0.7892037356628953,0.8137446902953749,0.8299547004570142,0.8351277503654281,0.84598711139615,0.8517870793834729,0.8592100168855643,0.866451681007733,0.872508319667738,0.8811643757508495,0.8857812143020399,0.8927706852075034,0.9045135673859862,0.9172748288399938,0.9287908819924149,0.9379793075261588,0.949923340999573,0.9586889711414257,0.9999999987838994,0.9999999987838994,0.9999999987838994,0.9999999987838994,0.9999999987838994,0.9999999987838994,0.9999999987838994,0.9999999987838994,0.0
2.172,0.9999999987838994,0.9999999987838994,1.0859975037098204,0.6276681775500077,0.5274180409104806,0.5344144660803452,0.5216314558996462,0.5089999550058549,0.5561447099279734,0.5467123086484437,0.5826497145259252,0.619212710602004,0.6428756658926484,0.6708254095692195,0.6996352539469943,0.7417952622976345,0.7669027053293849,0.7954768419159914,0.8093732468677933,0.8189343303364232,0.8310599248156086,0.8346412705722227,0.8489229269012223,0.8557323237930192,0.8632102822365624,0.8721313154685117,0.880008752892253,0.8876927257945277,0.8996722915319555,0.9159975718400394,0.9271561014874361,0.9378744399637575,0.9484941524934004,0.9577872272940189,0.9999999987838994,0.9999999987838994,0.9999999987838994,0.9999999987838994,0.9999999987838994,0.9999999987838994,0.9999999987838994,0.9999999987838994,0.0
2.322,0.9999999987838994,0.9999999987838994,0.6226193990402107,0.5755889422250832,0.6091477779026837,0.6425568256822385,0.6183326865998884,0.6093828890015153,0.6203226619041826,0.6431821765209542,0.6494177012631,0.6631191833364883,0.6773795132860372,0.6903875051386412,0.7021652629182811,0.7235927969203251,0.7376845299753678,0.7634898687368746,0.7789924704809825,0.7881720443729482,0.800393408208491,0.8053740275156539,0.819521663927806,0.8335622279006274,0.8452210554633008,0.8584033828230717,0.8697271522246165,0.8825369065215894,0.9005417565573268,0.9170966602980873,0.9315574751441951,0.9453823702026753,0.9568546336063376,0.9651864854904693,0.9999999987838994,0.9999999987838994,0.9999999987838994,0.9999999987838994,0.9999999987838994,0.9999999987838994,0.9999999987838994,0.9999999987838994,0.0
2.5,0.9999999987838994,0.9999999987838994,0.0,0.7377869560617871,0.7448417925386659,0.6669945990483268,0.6294406295648092,0.6426531233410113,0.6439082631771721,0.6581241795988743,0.6585311708816382,0.6443262386404754,0.6508750924750727,0.6726556833764391,0.6653738711889327,0.6753716531586789,0.6802748584415919,0.6944189328492673,0.7110803783268234,0.7119473374726578,0.7293785120549141,0.7435450016833044,0.7554557026179763,0.7764053210197543,0.7915185832821965,0.8152882056301078,0.8336441719503487,0.8548172011537393,0.880304344082076,0.9033864567880797,0.9204423450790835,0.941253321809831,0.9525715604439272,0.9999999987838994,0.9999999987838994,0.9999999987838994,0.9999999987838994,0.9999999987838994,0.9999999987838994,0.9999999987838994,0.9999999987838994,0.9999999987838994,0.0
2.65,0.9999999987838994,0.9999999987838994,0.3354441530446574,0.6884835363983872,0.6211883841786108,0.5685358659019114,0.5910409892528101,0.5424389676888547,0.5739837377230137,0.5646622255322113,0.550007685979766,0.5690682291319986,0.5801781962901473,0.5712436962569932,0.5928580064201546,0.5986619462698045,0.6095495396694159,0.628843042949782,0.6381827974416959,0.6552823319403275,0.6724735258580338,0.6869172516893265,0.7116672460313787,0.7384155112151273,0.7633009331449685,0.7932782586021913,0.819780570650793,0.8459299907616803,0.8784464352794679,0.9099267667752007,0.9334341822919376,0.9552111685848759,0.0,0.9999999987838994,0.9999999987838994,0.9999999987838994,0.9999999987838994,0.9999999987838994,0.9999999987838994,0.9999999987838994,0.9999999987838994,0.9999999987838994,0.0
2.853,0.9999999987838994,0.9999999987838994,0.6749197566315385,0.5197707221766524,0.35558448183231456,0.46348948860201256,0.4764557992796992,0.46396558387793907,0.40854129935657996,0.39469551563972644,0.48555748227186063,0.46679267171737593,0.5238919371155372,0.5254325190938675,0.5353601784445597,0.5415375960585169,0.5611854443243567,0.5686135744715284,0.5867768388075636,0.5955148799822473,0.6139105857285072,0.626760880381422,0.6489329917992682,0.6826564160129514,0.7080082089520374,0.7381746210451814,0.7631995890318248,0.790646640334775,0.8253667009269054,0.8595284713805238,0.8775578979344303,0.9247403683494342,0.9999999987838994,0.9999999987838994,0.9999999987838994,0.9999999987838994,0.9999999987838994,0.9999999987838994,0.9999999987838994,0.9999999987838994,0.9999999987838994,0.9999999987838994,0.0
2.964,0.9999999987838994,0.9999999987838994,0.8990164629885455,0.36216921506645805,0.3315836103074855,0.37165615045913547,0.5387063705829118,0.5174809061019601,0.536296723869806,0.5332708443752087,0.5432384498642798,0.5731258408948285,0.6043267692207677,0.5954713403789085,0.6125587124856793,0.6137488675765793,0.6130790142703844,0.6226117510898749,0.6271718689079859,0.6361905985971174,0.6487273661745022,0.654496102259046,0.6727943777823584,0.699149511838328,0.7227479547630054,0.7471167551068171,0.7753009630891391,0.7967510563993875,0.8221814587356386,0.8495669587687312,0.8534366088192269,0.86082096896675,0.9999999987838994,0.9999999987838994,0.9999999987838994,0.9999999987838994,0.9999999987838994,0.9999999987838994,0.9999999987838994,0.9999999987838994,0.9999999987838994,0.9999999987838994,0.0
3.139,0.9999999987838994,0.9999999987838994,1.1071572541418735,0.6265908750655711,0.803889394978994,0.7524414257983064,0.7379246582677532,0.7266441373561604,0.731039729449641,0.7111203285739871,0.7722906129700237,0.7614244954117037,0.7562685371525546,0.7559116834895175,0.749241189565656,0.7580348753069608,0.7640263240940242,0.7717609641356482,0.7818478049194567,0.7939532896780885,0.8127348519786761,0.8264531147779399,0.8476513335397075,0.8758509548900585,0.9015653690148927,0.932662745482445,0.9545980231983736,0.9796238059190858,1.0078739709719113,1.0426340271412327,1.0361576816971783,0.9999999987838994,0.9999999987838994,0.9999999987838994,0.9999999987838994,0.9999999987838994,0.9999999987838994,0.9999999987838994,0.9999999987838994,0.9999999987838994,0.9999999987838994,0.9999999987838994,0.0
3.314,0.9999999987838994,0.9999999987838994,1.0420739224432067,0.8575734986174345,0.8790437356973715,0.7891519463197334,0.8336670309693796,0.794801636887556,0.8108683720893027,0.8067189993625843,0.7933416508403632,0.7860694876865845,0.7868425401130328,0.7869121575406487,0.7824768313313448,0.782870270202431,0.7893742375801597,0.7974203816202388,0.8012889822510642,0.8141316804000625,0.8259729764551661,0.8410024004951299,0.8473851112114936,0.8727540130045315,0.8957768544437568,0.9181504149973303,0.9408841563986123,0.9632287186726775,0.9956424267667984,1.0187916693754557,0.9999999987838994,0.9999999987838994,0.9999999987838994,0.9999999987838994,0.9999999987838994,0.9999999987838994,0.9999999987838994,0.9999999987838994,0.9999999987838994,0.9999999987838994,0.9999999987838994,0.9999999987838994,0.0
3.489,0.9999999987838994,0.9999999987838994,0.7491770603278761,0.6718009028491043,0.8702817192857097,0.8551174897539708,0.8568276091298003,0.8172836369402138,0.8464191228326985,0.8514838942625012,0.8060471252227861,0.8203849215874449,0.7991159985145503,0.8092855268912995,0.8038583761278433,0.8155319357921412,0.8119723368674014,0.8188445572138785,0.8247413527620553,0.8376854848115581,0.8503451302706776,0.8503887705901643,0.8722322808580261,0.8894923929124106,0.9097335223961596,0.9295331203186465,0.948964947664053,0.9663852719342106,0.9855899429869849,1.0760559885233776,0.9999999987838994,0.9999999987838994,0.9999999987838994,0.9999999987838994,0.9999999987838994,0.9999999987838994,0.9999999987838994,0.9999999987838994,0.9999999987838994,0.9999999987838994,0.9999999987838994,0.9999999987838994,0.0
3.664,0.9999999987838994,0.9999999987838994,0.9645972555668096,1.1099200485335263,1.0968801437398752,0.907597336085769,0.8728122268912938,0.8916798713406944,0.8739158326719703,0.860167102867187,0.8595970154953511,0.8571450209204576,0.852021493909628,0.8463816053856918,0.8424701400748072,0.8444260115507087,0.8493018894052228,0.8588329236374151,0.8659754927539891,0.8755932798096695,0.8839092812423323,0.8965831154154769,0.909886573346571,0.9289905392175043,0.9446076677826303,0.9640513508830918,0.9831974546139455,1.0057045357530905,1.0082107402995601,0.9999999987838994,0.9999999987838994,0.9999999987838994,0.9999999987838994,0.9999999987838994,0.9999999987838994,0.9999999987838994,0.9999999987838994,0.9999999987838994,0.9999999987838994,0.9999999987838994,0.9999999987838994,0.9999999987838994,0.0
3.839,0.9999999987838994,0.9999999987838994,1.0517930246036218,0.9461147747770927,0.9537673053474545,0.918355601694396,0.878391171874663,0.88044411778964,0.8803232119747793,0.8694894419537897,0.8636553686511887,0.8555742094761817,0.8528823135727338,0.8543758967158294,0.8565958514876751,0.8522089984048147,0.8525669800162373,0.8617916197504241,0.8681592549771702,0.8731964998930507,0.8817567850699478,0.8895632296742237,0.9034908618100213,0.9236898475924583,0.9375295254222358,0.9566622962714219,0.9696595931401494,0.9944813561736834,0.983115120298443,0.9999999987838994,0.9999999987838994,0.9999999987838994,0.9999999987838994,0.9999999987838994,0.9999999987838994,0.9999999987838994,0.9999999987838994,0.9999999987838994,0.9999999987838994,0.9999999987838994,0.9999999987838994,0.9999999987838994,0.0
4.013,0.9999999987838994,0.9999999987838994,1.207746129159663,1.0497338087691255,0.9381511171638376,1.006792314823054,0.9009009999408288,0.8763166854695799,0.8597273840249657,0.8684424786443053,0.8434140664546633,0.8440809418672499,0.8473830884021726,0.8532379246452896,0.8534616875918297,0.8484264744774989,0.8535860281872859,0.8577275140006058,0.8655539158916552,0.870903545924059,0.879709401878603,0.8849355037506776,0.8977913850723129,0.9124843120341165,0.9283314136792192,0.9482639201139941,0.9771503851453257,0.983898701139918,0.9760747525358482,0.9999999987838994,0.9999999987838994,0.9999999987838994,0.9999999987838994,0.9999999987838994,0.9999999987838994,0.9999999987838994,0.9999999987838994,0.9999999987838994,0.9999999987838994,0.9999999987838994,0.9999999987838994,0.9999999987838994,0.0
4.191,0.9999999987838994,0.9999999987838994,1.2033159545708978,1.119529126181409,0.9407025487572027,0.9224884975959667,0.8781308871083611,0.8790696589903239,0.8732125267557174,0.8376800480742703,0.8477048511210082,0.830181196308677,0.8341860437224706,0.8218563968900162,0.8283095770975468,0.8279621373013748,0.8366705293836385,0.8434574837317607,0.8520052219692619,0.8555758722251621,0.8629989237262428,0.8761922994700189,0.8883195967503393,0.9017500998342801,0.9153584709904262,0.936759730570994,0.9818541691582451,0.9942837828933224,0.9999999987838994,0.9999999987838994,0.9999999987838994,0.9999999987838994,0.9999999987838994,0.9999999987838994,0.9999999987838994,0.9999999987838994,0.9999999987838994,0.9999999987838994,0.9999999987838994,0.9999999987838994,0.9999999987838994,0.9999999987838994,0.0
4.363,0.9999999987838994,0.9999999987838994,1.0353489515887278,0.7025612623535956,0.8371959851770236,0.9340423158267152,0.8279031354762723,0.8362064045753727,0.8124781022922045,0.806182829469966,0.799689319933507,0.8037499927250962,0.8004835548532842,0.7975248173319966,0.7904813678168869,0.8020608963171646,0.7984464868227364,0.80153341711566,0.8188722769210252,0.8200623715405119,0.8237907714722907,0.8359626943677477,0.8501171119059131,0.8665933820587403,0.8812823710546784,0.9070249567887244,0.9513259380139343,0.9999999987838994,0.9999999987838994,0.9999999987838994,0.9999999987838994,0.9999999987838994,0.9999999987838994,0.9999999987838994,0.9999999987838994,0.9999999987838994,0.9999999987838994,0.9999999987838994,0.9999999987838994,0.9999999987838994,0.9999999987838994,0.9999999987838994,0.0
4.538,0.9999999987838994,0.9999999987838994,1.6494191661518864,1.0003514175199726,0.8764637829746972,0.8503277518965099,0.8373958381047476,0.7709568753457549,0.7645952845628317,0.7612150827638939,0.7353191480595996,0.7532992863599195,0.7465783419450709,0.7501748334342209,0.7259364514051283,0.7294473521545165,0.7377394429962554,0.730828560140355,0.7425160754480008,0.7474322877097799,0.7578891285649434,0.7580738215138143,0.7728848706816568,0.7771108526259701,0.811229692546287,0.8616326672570435,0.0,0.9999999987838994,0.9999999987838994,0.9999999987838994,0.9999999987838994,0.9999999987838994,0.9999999987838994,0.9999999987838994,0.9999999987838994,0.9999999987838994,0.9999999987838994,0.9999999987838994,0.9999999987838994,0.9999999987838994,0.9999999987838994,0.9999999987838994,0.0
4.716,0.9999999987838994,0.9999999987838994,0.8233326330737527,0.8192216097371325,0.8134440034000437,0.7249768261665864,0.682722629839985,0.6561901706595263,0.6298541878832097,0.6012861979075539,0.5870386677301733,0.5928408716638628,0.5917335088778455,0.6134859403131331,0.5777792469997739,0.579585896160048,0.563925853235943,0.5696969292863816,0.5697057679190948,0.5529167640419203,0.5601011719426725,0.5618655404264435,0.5726508638288172,0.6044828836484324,0.641633685181237,0.7756770377245735,0.9999999987838994,0.9999999987838994,0.9999999987838994,0.9999999987838994,0.9999999987838994,0.9999999987838994,0.9999999987838994,0.9999999987838994,0.9999999987838994,0.9999999987838994,0.9999999987838994,0.9999999987838994,0.9999999987838994,0.9999999987838994,0.9999999987838994,0.9999999987838994,0.0
4.889,0.0,0.0,0.0,0.0,0.0,0.0,0.0,0.0,0.0,0.0,0.0,0.0,0.0,0.0,0.0,0.0,0.0,0.0,0.0,0.0,0.0,0.0,0.0,0.0,0.0,0.0,0.0,0.0,0.0,0.0,0.0,0.0,0.0,0.0,0.0,0.0,0.0,0.0,0.0,0.0,0.0,0.0,0.0
